{"cameraMode":{"drawMode":0,"name":"Shaded","section":"Shading Mode"},"sceneLighting":true,"audioPlay":false,"sceneViewState":{"showFog":true,"showMaterialUpdate":false,"showSkybox":true,"showFlares":true,"showImageEffects":true,"showParticleSystems":true},"in2DMode":false,"pivot":{"x":5.839017868041992,"y":4.895226001739502,"z":-4.378124713897705},"rotation":{"x":0.13284006714820863,"y":0.35009264945983889,"z":-0.05022792890667915,"w":0.925889253616333},"size":2.1156439781188967,"orthographic":false}