{"cameraMode":{"drawMode":0,"name":"Shaded","section":"Shading Mode"},"sceneLighting":false,"audioPlay":false,"sceneViewState":{"showFog":true,"showMaterialUpdate":false,"showSkybox":false,"showFlares":true,"showImageEffects":true,"showParticleSystems":true},"in2DMode":false,"pivot":{"x":-4.430000305175781,"y":2.0399999618530275,"z":-14.744999885559082},"rotation":{"x":0.13284006714820863,"y":0.35009264945983889,"z":-0.05022792890667915,"w":0.925889253616333},"size":0.6831303238868713,"orthographic":false}