{"cameraMode":{"drawMode":0,"name":"Shaded","section":"Shading Mode"},"sceneLighting":true,"audioPlay":false,"sceneViewState":{"showFog":true,"showMaterialUpdate":false,"showSkybox":true,"showFlares":true,"showImageEffects":true,"showParticleSystems":true},"in2DMode":false,"pivot":{"x":8.087942123413086,"y":4.679854393005371,"z":-4.397944927215576},"rotation":{"x":0.11608672887086868,"y":0.379925400018692,"z":-0.04812530055642128,"w":0.9164407253265381},"size":2.1156439781188967,"orthographic":false}