{"cameraMode":{"drawMode":0,"name":"Shaded","section":"Shading Mode"},"sceneLighting":true,"audioPlay":false,"sceneViewState":{"showFog":true,"showMaterialUpdate":false,"showSkybox":true,"showFlares":true,"showImageEffects":true,"showParticleSystems":true},"in2DMode":false,"pivot":{"x":22.392364501953126,"y":-2.507964611053467,"z":3.494640350341797},"rotation":{"x":0.13700458407402039,"y":0.4808417558670044,"z":-0.07636519521474838,"w":0.8626645803451538},"size":10.0,"orthographic":false}