{"cameraMode":{"drawMode":0,"name":"Shaded","section":"Shading Mode"},"sceneLighting":true,"audioPlay":false,"sceneViewState":{"showFog":true,"showMaterialUpdate":false,"showSkybox":true,"showFlares":true,"showImageEffects":true,"showParticleSystems":true},"in2DMode":false,"pivot":{"x":10.129027366638184,"y":2.263904333114624,"z":-0.9991323947906494},"rotation":{"x":0.053550250828266147,"y":0.2605414092540741,"z":-0.014474021270871163,"w":0.9638688564300537},"size":2.1156439781188967,"orthographic":false}