{"cameraMode":{"drawMode":0,"name":"Shaded","section":"Shading Mode"},"sceneLighting":false,"audioPlay":false,"sceneViewState":{"showFog":true,"showMaterialUpdate":false,"showSkybox":false,"showFlares":true,"showImageEffects":true,"showParticleSystems":true},"in2DMode":false,"pivot":{"x":10.764391899108887,"y":2.0555906295776369,"z":-1.3878291845321656},"rotation":{"x":0.060576215386390689,"y":0.27196794748306277,"z":-0.017155807465314866,"w":0.9602459073066711},"size":2.1156439781188967,"orthographic":true}