{"cameraMode":{"drawMode":0,"name":"Shaded","section":"Shading Mode"},"sceneLighting":false,"audioPlay":false,"sceneViewState":{"showFog":true,"showMaterialUpdate":false,"showSkybox":false,"showFlares":true,"showImageEffects":true,"showParticleSystems":true},"in2DMode":false,"pivot":{"x":-0.23932814598083497,"y":0.27378886938095095,"z":-0.33627650141716006},"rotation":{"x":0.08612580597400665,"y":0.6704103946685791,"z":-0.07879800349473953,"w":0.7327511310577393},"size":0.5181622505187988,"orthographic":false}